{
	"configs" : [
		{
			"remarks" : "",
			"id" : "026B3BED1732697A0C42BE30705598C3",
			"server" : "server host",
			"server_port" : 8388,
			"server_udp_port" : 0,
			"password" : "0",
			"method" : "aes-256-cfb",
			"protocol" : "origin",
			"protocolparam" : "",
			"obfs" : "plain",
			"obfsparam" : "",
			"remarks_base64" : "",
			"group" : "FreeSSR-public",
			"enable" : true,
			"udp_over_tcp" : false
		},
		{
			"remarks" : "",
			"id" : "B5D1E14817733395ADBBDF7829B9A0EE",
			"server" : "211.75.79.233",
			"server_port" : 16505,
			"server_udp_port" : 0,
			"password" : "QozzuzLs2W32",
			"method" : "aes-256-cfb",
			"protocol" : "origin",
			"protocolparam" : "",
			"obfs" : "plain",
			"obfsparam" : "",
			"remarks_base64" : "",
			"group" : "",
			"enable" : true,
			"udp_over_tcp" : false
		},
		{
			"remarks" : "A1-香港 -节点A1-HKT-视频线路-Netflix-TVB-HBO-1Gbps - 10600 端口单端口多用户",
			"id" : "8F24638FC1B6F0A8D25CB220BC4406AF",
			"server" : "hkthm04.zerocnw.win",
			"server_port" : 10600,
			"server_udp_port" : 0,
			"password" : "aRNNXJ",
			"method" : "chacha20",
			"protocol" : "auth_aes128_md5",
			"protocolparam" : "18901:5BxrTQ",
			"obfs" : "http_simple",
			"obfsparam" : "d1b7918901.ajax.microsoft.com",
			"remarks_base64" : "QTEt6aaZ5rivIC3oioLngrlBMS1IS1Qt6KeG6aKR57q_6LevLU5ldGZsaXgtVFZCLUhCTy0xR2JwcyAtIDEwNjAwIOerr-WPo-WNleerr-WPo-WkmueUqOaItw",
			"group" : "Zero云加速 - 单端口多用户",
			"enable" : true,
			"udp_over_tcp" : false
		},
		{
			"remarks" : "A1-香港 -节点A2-HKT-视频线路-Netflix-TVB-1Gbps - 10600 端口单端口多用户",
			"id" : "2E2B586D40FFB7FA4CB279A5D0454BAE",
			"server" : "hkthm06.zerocnw.win",
			"server_port" : 10600,
			"server_udp_port" : 0,
			"password" : "aRNNXJ",
			"method" : "chacha20",
			"protocol" : "auth_aes128_md5",
			"protocolparam" : "18901:5BxrTQ",
			"obfs" : "http_simple",
			"obfsparam" : "d1b7918901.ajax.microsoft.com",
			"remarks_base64" : "QTEt6aaZ5rivIC3oioLngrlBMi1IS1Qt6KeG6aKR57q_6LevLU5ldGZsaXgtVFZCLTFHYnBzIC0gMTA2MDAg56uv5Y-j5Y2V56uv5Y-j5aSa55So5oi3",
			"group" : "Zero云加速 - 单端口多用户",
			"enable" : true,
			"udp_over_tcp" : false
		},
		{
			"remarks" : "A1-香港 -节点A3-HKT-视频线路-Netflix-TVB-1Gbps - 10600 端口单端口多用户",
			"id" : "22827EC71660CD8C8AA7B9A46CD5EF1B",
			"server" : "hkthm07.zerocnw.win",
			"server_port" : 10600,
			"server_udp_port" : 0,
			"password" : "aRNNXJ",
			"method" : "chacha20",
			"protocol" : "auth_aes128_md5",
			"protocolparam" : "18901:5BxrTQ",
			"obfs" : "http_simple",
			"obfsparam" : "d1b7918901.ajax.microsoft.com",
			"remarks_base64" : "QTEt6aaZ5rivIC3oioLngrlBMy1IS1Qt6KeG6aKR57q_6LevLU5ldGZsaXgtVFZCLTFHYnBzIC0gMTA2MDAg56uv5Y-j5Y2V56uv5Y-j5aSa55So5oi3",
			"group" : "Zero云加速 - 单端口多用户",
			"enable" : true,
			"udp_over_tcp" : false
		},
		{
			"remarks" : "A1-香港 -节点A4-HKT-视频线路-Netflix-TVB-1Gbps - 10600 端口单端口多用户",
			"id" : "273509837B5EB76922516AF97D05C156",
			"server" : "hkthm05.zerocnw.win",
			"server_port" : 990,
			"server_udp_port" : 0,
			"password" : "aRNNXJ",
			"method" : "chacha20",
			"protocol" : "auth_aes128_md5",
			"protocolparam" : "18901:5BxrTQ",
			"obfs" : "http_simple",
			"obfsparam" : "d1b7918901.ajax.microsoft.com",
			"remarks_base64" : "QTEt6aaZ5rivIC3oioLngrlBNC1IS1Qt6KeG6aKR57q_6LevLU5ldGZsaXgtVFZCLTFHYnBzIC0gMTA2MDAg56uv5Y-j5Y2V56uv5Y-j5aSa55So5oi3",
			"group" : "Zero云加速 - 单端口多用户",
			"enable" : true,
			"udp_over_tcp" : false
		},
		{
			"remarks" : "A1-香港 -节点A6-HKT-视频线路-Netflix-TVB-HBO-1Gbps - 10600 端口单端口多用户",
			"id" : "55C419F7C4527874DB31DDA1E54A7147",
			"server" : "hkthm12.zerocnw.win",
			"server_port" : 10600,
			"server_udp_port" : 0,
			"password" : "aRNNXJ",
			"method" : "chacha20",
			"protocol" : "auth_aes128_md5",
			"protocolparam" : "18901:5BxrTQ",
			"obfs" : "http_simple",
			"obfsparam" : "d1b7918901.ajax.microsoft.com",
			"remarks_base64" : "QTEt6aaZ5rivIC3oioLngrlBNi1IS1Qt6KeG6aKR57q_6LevLU5ldGZsaXgtVFZCLUhCTy0xR2JwcyAtIDEwNjAwIOerr-WPo-WNleerr-WPo-WkmueUqOaItw",
			"group" : "Zero云加速 - 单端口多用户",
			"enable" : true,
			"udp_over_tcp" : false
		},
		{
			"remarks" : "A1-香港 -节点A7-HKT-视频线路-Netflix-TVB-1Gbps - 10600 端口单端口多用户",
			"id" : "A54468DF30513392E45BE6169703768E",
			"server" : "hkthm03.zerocnw.win",
			"server_port" : 10600,
			"server_udp_port" : 0,
			"password" : "aRNNXJ",
			"method" : "chacha20",
			"protocol" : "auth_aes128_md5",
			"protocolparam" : "18901:5BxrTQ",
			"obfs" : "http_simple",
			"obfsparam" : "d1b7918901.ajax.microsoft.com",
			"remarks_base64" : "QTEt6aaZ5rivIC3oioLngrlBNy1IS1Qt6KeG6aKR57q_6LevLU5ldGZsaXgtVFZCLTFHYnBzIC0gMTA2MDAg56uv5Y-j5Y2V56uv5Y-j5aSa55So5oi3",
			"group" : "Zero云加速 - 单端口多用户",
			"enable" : true,
			"udp_over_tcp" : false
		},
		{
			"remarks" : "A1-香港 -节点A8-HKT-视频线路-Netflix-TVB-1Gbps - 10600 端口单端口多用户",
			"id" : "D082F4FE9197AE374623E2D6DADC0B29",
			"server" : "hkt1.zerocnw.win",
			"server_port" : 10600,
			"server_udp_port" : 0,
			"password" : "aRNNXJ",
			"method" : "chacha20",
			"protocol" : "auth_aes128_md5",
			"protocolparam" : "18901:5BxrTQ",
			"obfs" : "http_simple",
			"obfsparam" : "d1b7918901.ajax.microsoft.com",
			"remarks_base64" : "QTEt6aaZ5rivIC3oioLngrlBOC1IS1Qt6KeG6aKR57q_6LevLU5ldGZsaXgtVFZCLTFHYnBzIC0gMTA2MDAg56uv5Y-j5Y2V56uv5Y-j5aSa55So5oi3",
			"group" : "Zero云加速 - 单端口多用户",
			"enable" : true,
			"udp_over_tcp" : false
		},
		{
			"remarks" : "A1-香港 -节点A9-HKT-视频线路-Netflix-TVB-1Gbps - 10600 端口单端口多用户",
			"id" : "3871A7048CBE78888D135C9AEFDFFFD7",
			"server" : "hkt2.zerocnw.win",
			"server_port" : 10600,
			"server_udp_port" : 0,
			"password" : "aRNNXJ",
			"method" : "chacha20",
			"protocol" : "auth_aes128_md5",
			"protocolparam" : "18901:5BxrTQ",
			"obfs" : "http_simple",
			"obfsparam" : "d1b7918901.ajax.microsoft.com",
			"remarks_base64" : "QTEt6aaZ5rivIC3oioLngrlBOS1IS1Qt6KeG6aKR57q_6LevLU5ldGZsaXgtVFZCLTFHYnBzIC0gMTA2MDAg56uv5Y-j5Y2V56uv5Y-j5aSa55So5oi3",
			"group" : "Zero云加速 - 单端口多用户",
			"enable" : true,
			"udp_over_tcp" : false
		},
		{
			"remarks" : "A1-香港 -节点B10-HKBN-视频线路-Netflix-TVB-1Gbps - 10600 端口单端口多用户",
			"id" : "DC0D15E7259071829226E37D81E5D4B3",
			"server" : "hkbn3.zerocnw.win",
			"server_port" : 10600,
			"server_udp_port" : 0,
			"password" : "aRNNXJ",
			"method" : "chacha20",
			"protocol" : "auth_aes128_md5",
			"protocolparam" : "18901:5BxrTQ",
			"obfs" : "http_simple",
			"obfsparam" : "d1b7918901.ajax.microsoft.com",
			"remarks_base64" : "QTEt6aaZ5rivIC3oioLngrlCMTAtSEtCTi3op4bpopHnur_ot68tTmV0ZmxpeC1UVkItMUdicHMgLSAxMDYwMCDnq6_lj6PljZXnq6_lj6PlpJrnlKjmiLc",
			"group" : "Zero云加速 - 单端口多用户",
			"enable" : true,
			"udp_over_tcp" : false
		},
		{
			"remarks" : "A1-香港 -节点B11-HKBN--视频线路-Netflix-TVB-1Gbps - 10600 端口单端口多用户",
			"id" : "0A3B4790C69755AC235E4DEC34EBABE6",
			"server" : "hkbn2.zerocnw.win",
			"server_port" : 10600,
			"server_udp_port" : 0,
			"password" : "aRNNXJ",
			"method" : "chacha20",
			"protocol" : "auth_aes128_md5",
			"protocolparam" : "18901:5BxrTQ",
			"obfs" : "http_simple",
			"obfsparam" : "d1b7918901.ajax.microsoft.com",
			"remarks_base64" : "QTEt6aaZ5rivIC3oioLngrlCMTEtSEtCTi0t6KeG6aKR57q_6LevLU5ldGZsaXgtVFZCLTFHYnBzIC0gMTA2MDAg56uv5Y-j5Y2V56uv5Y-j5aSa55So5oi3",
			"group" : "Zero云加速 - 单端口多用户",
			"enable" : true,
			"udp_over_tcp" : false
		},
		{
			"remarks" : "A1-香港 -节点B12-HKBN-视频线路-Netflix-TVB-1Gbps - 10600 端口单端口多用户",
			"id" : "41FBDB79584E4E4A49784F23539DBD78",
			"server" : "hkbn4.zerocnw.win",
			"server_port" : 10600,
			"server_udp_port" : 0,
			"password" : "aRNNXJ",
			"method" : "chacha20",
			"protocol" : "auth_aes128_md5",
			"protocolparam" : "18901:5BxrTQ",
			"obfs" : "http_simple",
			"obfsparam" : "d1b7918901.ajax.microsoft.com",
			"remarks_base64" : "QTEt6aaZ5rivIC3oioLngrlCMTItSEtCTi3op4bpopHnur_ot68tTmV0ZmxpeC1UVkItMUdicHMgLSAxMDYwMCDnq6_lj6PljZXnq6_lj6PlpJrnlKjmiLc",
			"group" : "Zero云加速 - 单端口多用户",
			"enable" : true,
			"udp_over_tcp" : false
		},
		{
			"remarks" : "A1-香港 -节点B13-HKBN-视频线路-Netflix-TVB-1Gbps - 10600 端口单端口多用户",
			"id" : "7A5A1194178A1FA4C99BDCDC48B65F3F",
			"server" : "hkbn5.zerocnw.win",
			"server_port" : 10600,
			"server_udp_port" : 0,
			"password" : "aRNNXJ",
			"method" : "chacha20",
			"protocol" : "auth_aes128_md5",
			"protocolparam" : "18901:5BxrTQ",
			"obfs" : "http_simple",
			"obfsparam" : "d1b7918901.ajax.microsoft.com",
			"remarks_base64" : "QTEt6aaZ5rivIC3oioLngrlCMTMtSEtCTi3op4bpopHnur_ot68tTmV0ZmxpeC1UVkItMUdicHMgLSAxMDYwMCDnq6_lj6PljZXnq6_lj6PlpJrnlKjmiLc",
			"group" : "Zero云加速 - 单端口多用户",
			"enable" : true,
			"udp_over_tcp" : false
		},
		{
			"remarks" : "A1-香港 -节点B14-HKBN-视频线路-Netflix-TVB-1Gbps - 10600 端口单端口多用户",
			"id" : "224F177EA973F67E0E13EE41BC57FE29",
			"server" : "hkbn6.zerocnw.win",
			"server_port" : 10600,
			"server_udp_port" : 0,
			"password" : "aRNNXJ",
			"method" : "chacha20",
			"protocol" : "auth_aes128_md5",
			"protocolparam" : "18901:5BxrTQ",
			"obfs" : "http_simple",
			"obfsparam" : "d1b7918901.ajax.microsoft.com",
			"remarks_base64" : "QTEt6aaZ5rivIC3oioLngrlCMTQtSEtCTi3op4bpopHnur_ot68tTmV0ZmxpeC1UVkItMUdicHMgLSAxMDYwMCDnq6_lj6PljZXnq6_lj6PlpJrnlKjmiLc",
			"group" : "Zero云加速 - 单端口多用户",
			"enable" : true,
			"udp_over_tcp" : false
		},
		{
			"remarks" : "A1-香港 -节点B15-HKBN-视频线路-Netflix-TVB-1Gbps - 10600 端口单端口多用户",
			"id" : "AE9CC5106DA76461E33A27ABD920791E",
			"server" : "hkbn7.zerocnw.win",
			"server_port" : 10600,
			"server_udp_port" : 0,
			"password" : "aRNNXJ",
			"method" : "chacha20",
			"protocol" : "auth_aes128_md5",
			"protocolparam" : "18901:5BxrTQ",
			"obfs" : "http_simple",
			"obfsparam" : "d1b7918901.ajax.microsoft.com",
			"remarks_base64" : "QTEt6aaZ5rivIC3oioLngrlCMTUtSEtCTi3op4bpopHnur_ot68tTmV0ZmxpeC1UVkItMUdicHMgLSAxMDYwMCDnq6_lj6PljZXnq6_lj6PlpJrnlKjmiLc",
			"group" : "Zero云加速 - 单端口多用户",
			"enable" : true,
			"udp_over_tcp" : false
		},
		{
			"remarks" : "A1-香港 -节点B16-HKT-视频线路-Netflix-TVB-1Gbps - 10600 端口单端口多用户",
			"id" : "E057C931A53ED5E5F28426F4C7EE3295",
			"server" : "hkthm10.zerocnw.win",
			"server_port" : 10600,
			"server_udp_port" : 0,
			"password" : "aRNNXJ",
			"method" : "chacha20",
			"protocol" : "auth_aes128_md5",
			"protocolparam" : "18901:5BxrTQ",
			"obfs" : "http_simple",
			"obfsparam" : "d1b7918901.ajax.microsoft.com",
			"remarks_base64" : "QTEt6aaZ5rivIC3oioLngrlCMTYtSEtULeinhumikee6v-i3ry1OZXRmbGl4LVRWQi0xR2JwcyAtIDEwNjAwIOerr-WPo-WNleerr-WPo-WkmueUqOaItw",
			"group" : "Zero云加速 - 单端口多用户",
			"enable" : true,
			"udp_over_tcp" : false
		},
		{
			"remarks" : "A1-香港 -节点B17-HKT-视频线路-Netflix-TVB-1Gbps - 10600 端口单端口多用户",
			"id" : "086C68324C4AB2905002502C74DF17D2",
			"server" : "hkthm11.zerocnw.win",
			"server_port" : 10600,
			"server_udp_port" : 0,
			"password" : "aRNNXJ",
			"method" : "chacha20",
			"protocol" : "auth_aes128_md5",
			"protocolparam" : "18901:5BxrTQ",
			"obfs" : "http_simple",
			"obfsparam" : "d1b7918901.ajax.microsoft.com",
			"remarks_base64" : "QTEt6aaZ5rivIC3oioLngrlCMTctSEtULeinhumikee6v-i3ry1OZXRmbGl4LVRWQi0xR2JwcyAtIDEwNjAwIOerr-WPo-WNleerr-WPo-WkmueUqOaItw",
			"group" : "Zero云加速 - 单端口多用户",
			"enable" : true,
			"udp_over_tcp" : false
		},
		{
			"remarks" : "A1-香港 -节点B19-HKT-视频线路-Netflix-TVB-1Gbps - 10600 端口单端口多用户",
			"id" : "BA0A05E68B314989C2B59F22C9DC488E",
			"server" : "hkt-cnc.mailgung.ml",
			"server_port" : 10600,
			"server_udp_port" : 0,
			"password" : "aRNNXJ",
			"method" : "chacha20",
			"protocol" : "auth_aes128_md5",
			"protocolparam" : "18901:5BxrTQ",
			"obfs" : "http_simple",
			"obfsparam" : "d1b7918901.ajax.microsoft.com",
			"remarks_base64" : "QTEt6aaZ5rivIC3oioLngrlCMTktSEtULeinhumikee6v-i3ry1OZXRmbGl4LVRWQi0xR2JwcyAtIDEwNjAwIOerr-WPo-WNleerr-WPo-WkmueUqOaItw",
			"group" : "Zero云加速 - 单端口多用户",
			"enable" : true,
			"udp_over_tcp" : false
		},
		{
			"remarks" : "A1-香港 -节点C20-HKT-视频线路-Netflix-TVB-1Gbps - 10600 端口单端口多用户",
			"id" : "8F07A0E4209D4A4D46D6A9841469B5C2",
			"server" : "hkt-cnd.mailgung.ml",
			"server_port" : 10600,
			"server_udp_port" : 0,
			"password" : "aRNNXJ",
			"method" : "chacha20",
			"protocol" : "auth_aes128_md5",
			"protocolparam" : "18901:5BxrTQ",
			"obfs" : "http_simple",
			"obfsparam" : "d1b7918901.ajax.microsoft.com",
			"remarks_base64" : "QTEt6aaZ5rivIC3oioLngrlDMjAtSEtULeinhumikee6v-i3ry1OZXRmbGl4LVRWQi0xR2JwcyAtIDEwNjAwIOerr-WPo-WNleerr-WPo-WkmueUqOaItw",
			"group" : "Zero云加速 - 单端口多用户",
			"enable" : true,
			"udp_over_tcp" : false
		},
		{
			"remarks" : "A1-香港 -节点C21-HKT-视频线路-Netflix-TVB-1Gbps - 10600 端口单端口多用户",
			"id" : "07B6580F388BEA82989C60BC73CB9B92",
			"server" : "hkt-cne.mailgung.ml",
			"server_port" : 10600,
			"server_udp_port" : 0,
			"password" : "aRNNXJ",
			"method" : "chacha20",
			"protocol" : "auth_aes128_md5",
			"protocolparam" : "18901:5BxrTQ",
			"obfs" : "http_simple",
			"obfsparam" : "d1b7918901.ajax.microsoft.com",
			"remarks_base64" : "QTEt6aaZ5rivIC3oioLngrlDMjEtSEtULeinhumikee6v-i3ry1OZXRmbGl4LVRWQi0xR2JwcyAtIDEwNjAwIOerr-WPo-WNleerr-WPo-WkmueUqOaItw",
			"group" : "Zero云加速 - 单端口多用户",
			"enable" : true,
			"udp_over_tcp" : false
		},
		{
			"remarks" : "A1-香港 -节点C22-HKT-视频线路-Netflix-TVB-1Gbps - 10600 端口单端口多用户",
			"id" : "34D4EA6F285747E38988CCC66D377E23",
			"server" : "hkt-cng.mailgung.ml",
			"server_port" : 10600,
			"server_udp_port" : 0,
			"password" : "aRNNXJ",
			"method" : "chacha20",
			"protocol" : "auth_aes128_md5",
			"protocolparam" : "18901:5BxrTQ",
			"obfs" : "http_simple",
			"obfsparam" : "d1b7918901.ajax.microsoft.com",
			"remarks_base64" : "QTEt6aaZ5rivIC3oioLngrlDMjItSEtULeinhumikee6v-i3ry1OZXRmbGl4LVRWQi0xR2JwcyAtIDEwNjAwIOerr-WPo-WNleerr-WPo-WkmueUqOaItw",
			"group" : "Zero云加速 - 单端口多用户",
			"enable" : true,
			"udp_over_tcp" : false
		},
		{
			"remarks" : "A2-香港 -节点A2-江苏➠香港-视频线路-Netflix-TVB-HBO-1Gbps - 10600 端口单端口多用户",
			"id" : "51452AF2F1C06BF12804FAB07D794709",
			"server" : "js02.zerocnw.win",
			"server_port" : 51770,
			"server_udp_port" : 0,
			"password" : "aRNNXJ",
			"method" : "chacha20",
			"protocol" : "auth_aes128_md5",
			"protocolparam" : "18901:5BxrTQ",
			"obfs" : "http_simple",
			"obfsparam" : "d1b7918901.ajax.microsoft.com",
			"remarks_base64" : "QTIt6aaZ5rivIC3oioLngrlBMi3msZ_oi4_inqDpppnmuK8t6KeG6aKR57q_6LevLU5ldGZsaXgtVFZCLUhCTy0xR2JwcyAtIDEwNjAwIOerr-WPo-WNleerr-WPo-WkmueUqOaItw",
			"group" : "Zero云加速 - 单端口多用户",
			"enable" : true,
			"udp_over_tcp" : false
		},
		{
			"remarks" : "A2-香港 -节点A4-深圳➠香港-视频线路-Netflix-TVB-HBO-1Gbps - 10600 端口单端口多用户",
			"id" : "AE16E5A7165C31A5492A3E6037341F66",
			"server" : "sz02.zerocnw.win",
			"server_port" : 10360,
			"server_udp_port" : 0,
			"password" : "aRNNXJ",
			"method" : "chacha20",
			"protocol" : "auth_aes128_md5",
			"protocolparam" : "18901:5BxrTQ",
			"obfs" : "http_simple",
			"obfsparam" : "d1b7918901.ajax.microsoft.com",
			"remarks_base64" : "QTIt6aaZ5rivIC3oioLngrlBNC3mt7HlnLPinqDpppnmuK8t6KeG6aKR57q_6LevLU5ldGZsaXgtVFZCLUhCTy0xR2JwcyAtIDEwNjAwIOerr-WPo-WNleerr-WPo-WkmueUqOaItw",
			"group" : "Zero云加速 - 单端口多用户",
			"enable" : true,
			"udp_over_tcp" : false
		},
		{
			"remarks" : "A2-香港 -节点A5-深圳➠香港-视频线路-Netflix-TVB-HBO-1Gbps - 10600 端口单端口多用户",
			"id" : "DBF30330FC1D8F30BBAA237908346063",
			"server" : "sz02.zerocnw.win",
			"server_port" : 10361,
			"server_udp_port" : 0,
			"password" : "aRNNXJ",
			"method" : "chacha20",
			"protocol" : "auth_aes128_md5",
			"protocolparam" : "18901:5BxrTQ",
			"obfs" : "http_simple",
			"obfsparam" : "d1b7918901.ajax.microsoft.com",
			"remarks_base64" : "QTIt6aaZ5rivIC3oioLngrlBNS3mt7HlnLPinqDpppnmuK8t6KeG6aKR57q_6LevLU5ldGZsaXgtVFZCLUhCTy0xR2JwcyAtIDEwNjAwIOerr-WPo-WNleerr-WPo-WkmueUqOaItw",
			"group" : "Zero云加速 - 单端口多用户",
			"enable" : true,
			"udp_over_tcp" : false
		},
		{
			"remarks" : "A2-香港 -节点A6-深圳➠香港-视频线路-Netflix-TVB-HBO-1Gbps - 10600 端口单端口多用户",
			"id" : "89D74EFB2471825EB434389329440582",
			"server" : "sz03.zerocnw.win",
			"server_port" : 10270,
			"server_udp_port" : 0,
			"password" : "aRNNXJ",
			"method" : "chacha20",
			"protocol" : "auth_aes128_md5",
			"protocolparam" : "18901:5BxrTQ",
			"obfs" : "http_simple",
			"obfsparam" : "d1b7918901.ajax.microsoft.com",
			"remarks_base64" : "QTIt6aaZ5rivIC3oioLngrlBNi3mt7HlnLPinqDpppnmuK8t6KeG6aKR57q_6LevLU5ldGZsaXgtVFZCLUhCTy0xR2JwcyAtIDEwNjAwIOerr-WPo-WNleerr-WPo-WkmueUqOaItw",
			"group" : "Zero云加速 - 单端口多用户",
			"enable" : true,
			"udp_over_tcp" : false
		},
		{
			"remarks" : "A2-香港 -节点A7-深圳➠香港-视频线路-Netflix-TVB-HBO-1Gbps - 10600 端口单端口多用户",
			"id" : "87AFF34FB8289C190C9ABFE02715D4FC",
			"server" : "sz03.zerocnw.win",
			"server_port" : 10271,
			"server_udp_port" : 0,
			"password" : "aRNNXJ",
			"method" : "chacha20",
			"protocol" : "auth_aes128_md5",
			"protocolparam" : "18901:5BxrTQ",
			"obfs" : "http_simple",
			"obfsparam" : "d1b7918901.ajax.microsoft.com",
			"remarks_base64" : "QTIt6aaZ5rivIC3oioLngrlBNy3mt7HlnLPinqDpppnmuK8t6KeG6aKR57q_6LevLU5ldGZsaXgtVFZCLUhCTy0xR2JwcyAtIDEwNjAwIOerr-WPo-WNleerr-WPo-WkmueUqOaItw",
			"group" : "Zero云加速 - 单端口多用户",
			"enable" : true,
			"udp_over_tcp" : false
		},
		{
			"remarks" : "A2-香港 -节点B10-江苏➠香港-视频线路-Netflix-TVB-HBO-100Mbps - 10600 端口单端口多用户",
			"id" : "29F73D3138DB78EFC18469DF87A782AC",
			"server" : "jsyd.zerocnw.win",
			"server_port" : 10600,
			"server_udp_port" : 0,
			"password" : "aRNNXJ",
			"method" : "chacha20",
			"protocol" : "auth_aes128_md5",
			"protocolparam" : "18901:5BxrTQ",
			"obfs" : "http_simple",
			"obfsparam" : "d1b7918901.ajax.microsoft.com",
			"remarks_base64" : "QTIt6aaZ5rivIC3oioLngrlCMTAt5rGf6IuP4p6g6aaZ5rivLeinhumikee6v-i3ry1OZXRmbGl4LVRWQi1IQk8tMTAwTWJwcyAtIDEwNjAwIOerr-WPo-WNleerr-WPo-WkmueUqOaItw",
			"group" : "Zero云加速 - 单端口多用户",
			"enable" : true,
			"udp_over_tcp" : false
		},
		{
			"remarks" : "A2-香港 -节点B11-江苏➠香港-视频线路-Netflix-TVB-HBO-100Mbps - 10600 端口单端口多用户",
			"id" : "970792193C9373D34D39E2DA459A5561",
			"server" : "jsyd.zerocnw.win",
			"server_port" : 10700,
			"server_udp_port" : 0,
			"password" : "aRNNXJ",
			"method" : "chacha20",
			"protocol" : "auth_aes128_md5",
			"protocolparam" : "18901:5BxrTQ",
			"obfs" : "http_simple",
			"obfsparam" : "d1b7918901.ajax.microsoft.com",
			"remarks_base64" : "QTIt6aaZ5rivIC3oioLngrlCMTEt5rGf6IuP4p6g6aaZ5rivLeinhumikee6v-i3ry1OZXRmbGl4LVRWQi1IQk8tMTAwTWJwcyAtIDEwNjAwIOerr-WPo-WNleerr-WPo-WkmueUqOaItw",
			"group" : "Zero云加速 - 单端口多用户",
			"enable" : true,
			"udp_over_tcp" : false
		},
		{
			"remarks" : "A2-香港 -节点B12-江苏➠香港-视频线路-Netflix-TVB-HBO-1Gbps - 10600 端口单端口多用户",
			"id" : "CE1E142EAE97ED3DBAB8A4AB47FB9932",
			"server" : "js02.zerocnw.win",
			"server_port" : 51771,
			"server_udp_port" : 0,
			"password" : "aRNNXJ",
			"method" : "chacha20",
			"protocol" : "auth_aes128_md5",
			"protocolparam" : "18901:5BxrTQ",
			"obfs" : "http_simple",
			"obfsparam" : "d1b7918901.ajax.microsoft.com",
			"remarks_base64" : "QTIt6aaZ5rivIC3oioLngrlCMTIt5rGf6IuP4p6g6aaZ5rivLeinhumikee6v-i3ry1OZXRmbGl4LVRWQi1IQk8tMUdicHMgLSAxMDYwMCDnq6_lj6PljZXnq6_lj6PlpJrnlKjmiLc",
			"group" : "Zero云加速 - 单端口多用户",
			"enable" : true,
			"udp_over_tcp" : false
		},
		{
			"remarks" : "A3-香港 -节点A1-Azure-1Gbps - 10600 端口单端口多用户",
			"id" : "831DEE6C454207EEFA893C93A277A200",
			"server" : "hkms3.zerocnw.win",
			"server_port" : 10600,
			"server_udp_port" : 0,
			"password" : "aRNNXJ",
			"method" : "chacha20",
			"protocol" : "auth_aes128_md5",
			"protocolparam" : "18901:5BxrTQ",
			"obfs" : "http_simple",
			"obfsparam" : "d1b7918901.ajax.microsoft.com",
			"remarks_base64" : "QTMt6aaZ5rivIC3oioLngrlBMS1BenVyZS0xR2JwcyAtIDEwNjAwIOerr-WPo-WNleerr-WPo-WkmueUqOaItw",
			"group" : "Zero云加速 - 单端口多用户",
			"enable" : true,
			"udp_over_tcp" : false
		},
		{
			"remarks" : "A3-香港 -节点A2-Azure-1Gbps - 10600 端口单端口多用户",
			"id" : "6D804E9524A7FCC640225725C19F885D",
			"server" : "hkms5.zerocnw.win",
			"server_port" : 10600,
			"server_udp_port" : 0,
			"password" : "aRNNXJ",
			"method" : "chacha20",
			"protocol" : "auth_aes128_md5",
			"protocolparam" : "18901:5BxrTQ",
			"obfs" : "http_simple",
			"obfsparam" : "d1b7918901.ajax.microsoft.com",
			"remarks_base64" : "QTMt6aaZ5rivIC3oioLngrlBMi1BenVyZS0xR2JwcyAtIDEwNjAwIOerr-WPo-WNleerr-WPo-WkmueUqOaItw",
			"group" : "Zero云加速 - 单端口多用户",
			"enable" : true,
			"udp_over_tcp" : false
		},
		{
			"remarks" : "A3-香港 -节点A8-阿里云-30Mbps - 10600 端口单端口多用户",
			"id" : "87A553C204E4B1227B2874231026FFBE",
			"server" : "alhk01.zerocnw.win",
			"server_port" : 10600,
			"server_udp_port" : 0,
			"password" : "aRNNXJ",
			"method" : "chacha20",
			"protocol" : "auth_aes128_md5",
			"protocolparam" : "18901:5BxrTQ",
			"obfs" : "http_simple",
			"obfsparam" : "d1b7918901.ajax.microsoft.com",
			"remarks_base64" : "QTMt6aaZ5rivIC3oioLngrlBOC3pmL_ph4zkupEtMzBNYnBzIC0gMTA2MDAg56uv5Y-j5Y2V56uv5Y-j5aSa55So5oi3",
			"group" : "Zero云加速 - 单端口多用户",
			"enable" : true,
			"udp_over_tcp" : false
		},
		{
			"remarks" : "A3-香港 -节点A9-阿里云-Netflix-TVB-30Mbps - 10600 端口单端口多用户",
			"id" : "2AC5B8865C3F73D8E10C593AD7A97781",
			"server" : "alhk08.zerocnw.win",
			"server_port" : 10600,
			"server_udp_port" : 0,
			"password" : "aRNNXJ",
			"method" : "chacha20",
			"protocol" : "auth_aes128_md5",
			"protocolparam" : "18901:5BxrTQ",
			"obfs" : "http_simple",
			"obfsparam" : "d1b7918901.ajax.microsoft.com",
			"remarks_base64" : "QTMt6aaZ5rivIC3oioLngrlBOS3pmL_ph4zkupEtTmV0ZmxpeC1UVkItMzBNYnBzIC0gMTA2MDAg56uv5Y-j5Y2V56uv5Y-j5aSa55So5oi3",
			"group" : "Zero云加速 - 单端口多用户",
			"enable" : true,
			"udp_over_tcp" : false
		},
		{
			"remarks" : "A3-香港 -节点B10-阿里云-Netflix-TVB-30Mbps - 10600 端口单端口多用户",
			"id" : "7E45DE45692A38B7E2542ADBDB532C53",
			"server" : "alhk09.zerocnw.win",
			"server_port" : 10600,
			"server_udp_port" : 0,
			"password" : "aRNNXJ",
			"method" : "chacha20",
			"protocol" : "auth_aes128_md5",
			"protocolparam" : "18901:5BxrTQ",
			"obfs" : "http_simple",
			"obfsparam" : "d1b7918901.ajax.microsoft.com",
			"remarks_base64" : "QTMt6aaZ5rivIC3oioLngrlCMTAt6Zi_6YeM5LqRLU5ldGZsaXgtVFZCLTMwTWJwcyAtIDEwNjAwIOerr-WPo-WNleerr-WPo-WkmueUqOaItw",
			"group" : "Zero云加速 - 单端口多用户",
			"enable" : true,
			"udp_over_tcp" : false
		},
		{
			"remarks" : "A3-香港 -节点B11-阿里云-Netflix-TVB-30Mbps - 10600 端口单端口多用户",
			"id" : "9902971608C2D3E12E36273E1448981A",
			"server" : "alhk10.zerocnw.win",
			"server_port" : 10600,
			"server_udp_port" : 0,
			"password" : "aRNNXJ",
			"method" : "chacha20",
			"protocol" : "auth_aes128_md5",
			"protocolparam" : "18901:5BxrTQ",
			"obfs" : "http_simple",
			"obfsparam" : "d1b7918901.ajax.microsoft.com",
			"remarks_base64" : "QTMt6aaZ5rivIC3oioLngrlCMTEt6Zi_6YeM5LqRLU5ldGZsaXgtVFZCLTMwTWJwcyAtIDEwNjAwIOerr-WPo-WNleerr-WPo-WkmueUqOaItw",
			"group" : "Zero云加速 - 单端口多用户",
			"enable" : true,
			"udp_over_tcp" : false
		},
		{
			"remarks" : "A3-香港 -节点B12-阿里云-Netflix-TVB-30Mbps - 10600 端口单端口多用户",
			"id" : "3F6D4D341D83A1B7E3DCF6C864105CF6",
			"server" : "alhk02.zerocnw.win",
			"server_port" : 10600,
			"server_udp_port" : 0,
			"password" : "aRNNXJ",
			"method" : "chacha20",
			"protocol" : "auth_aes128_md5",
			"protocolparam" : "18901:5BxrTQ",
			"obfs" : "http_simple",
			"obfsparam" : "d1b7918901.ajax.microsoft.com",
			"remarks_base64" : "QTMt6aaZ5rivIC3oioLngrlCMTIt6Zi_6YeM5LqRLU5ldGZsaXgtVFZCLTMwTWJwcyAtIDEwNjAwIOerr-WPo-WNleerr-WPo-WkmueUqOaItw",
			"group" : "Zero云加速 - 单端口多用户",
			"enable" : true,
			"udp_over_tcp" : false
		},
		{
			"remarks" : "A3-香港 -节点B13-阿里云-Netflix-TVB-30Mbps - 10600 端口单端口多用户",
			"id" : "60CD04115F29429AF38177DB4CEC243A",
			"server" : "alhk03.zerocnw.win",
			"server_port" : 10600,
			"server_udp_port" : 0,
			"password" : "aRNNXJ",
			"method" : "chacha20",
			"protocol" : "auth_aes128_md5",
			"protocolparam" : "18901:5BxrTQ",
			"obfs" : "http_simple",
			"obfsparam" : "d1b7918901.ajax.microsoft.com",
			"remarks_base64" : "QTMt6aaZ5rivIC3oioLngrlCMTMt6Zi_6YeM5LqRLU5ldGZsaXgtVFZCLTMwTWJwcyAtIDEwNjAwIOerr-WPo-WNleerr-WPo-WkmueUqOaItw",
			"group" : "Zero云加速 - 单端口多用户",
			"enable" : true,
			"udp_over_tcp" : false
		},
		{
			"remarks" : "B1-台湾 -节点1-台北-Netflix-1Gbps - 10600 端口单端口多用户",
			"id" : "21359BEFB2D037D5AECDE9C859606F74",
			"server" : "tw01.zerocnw.win",
			"server_port" : 10600,
			"server_udp_port" : 0,
			"password" : "aRNNXJ",
			"method" : "chacha20",
			"protocol" : "auth_aes128_md5",
			"protocolparam" : "18901:5BxrTQ",
			"obfs" : "http_simple",
			"obfsparam" : "d1b7918901.ajax.microsoft.com",
			"remarks_base64" : "QjEt5Y-w5rm-IC3oioLngrkxLeWPsOWMly1OZXRmbGl4LTFHYnBzIC0gMTA2MDAg56uv5Y-j5Y2V56uv5Y-j5aSa55So5oi3",
			"group" : "Zero云加速 - 单端口多用户",
			"enable" : true,
			"udp_over_tcp" : false
		},
		{
			"remarks" : "B1-台湾 -节点2-台北-Netflix-1Gbps - 10600 端口单端口多用户",
			"id" : "DA459D66ACE8B7C00C8D46576E0C4068",
			"server" : "tw02.zerocnw.win",
			"server_port" : 10600,
			"server_udp_port" : 0,
			"password" : "aRNNXJ",
			"method" : "chacha20",
			"protocol" : "auth_aes128_md5",
			"protocolparam" : "18901:5BxrTQ",
			"obfs" : "http_simple",
			"obfsparam" : "d1b7918901.ajax.microsoft.com",
			"remarks_base64" : "QjEt5Y-w5rm-IC3oioLngrkyLeWPsOWMly1OZXRmbGl4LTFHYnBzIC0gMTA2MDAg56uv5Y-j5Y2V56uv5Y-j5aSa55So5oi3",
			"group" : "Zero云加速 - 单端口多用户",
			"enable" : true,
			"udp_over_tcp" : false
		},
		{
			"remarks" : "B1-台湾 -节点3-台北-Netflix-1Gbps - 10600 端口单端口多用户",
			"id" : "2D7AACB8D527D4ECAC9AD3587C20A3E7",
			"server" : "hinet.flycc.xyz",
			"server_port" : 10600,
			"server_udp_port" : 0,
			"password" : "aRNNXJ",
			"method" : "chacha20",
			"protocol" : "auth_aes128_md5",
			"protocolparam" : "18901:5BxrTQ",
			"obfs" : "http_simple",
			"obfsparam" : "d1b7918901.ajax.microsoft.com",
			"remarks_base64" : "QjEt5Y-w5rm-IC3oioLngrkzLeWPsOWMly1OZXRmbGl4LTFHYnBzIC0gMTA2MDAg56uv5Y-j5Y2V56uv5Y-j5aSa55So5oi3",
			"group" : "Zero云加速 - 单端口多用户",
			"enable" : true,
			"udp_over_tcp" : false
		},
		{
			"remarks" : "C1-美国 -节点1-GIA-Netflix-1Gbps - 10600 端口单端口多用户",
			"id" : "1D68015D89121034BF5D0C77A5FAE280",
			"server" : "us1.zerocnw.win",
			"server_port" : 10600,
			"server_udp_port" : 0,
			"password" : "aRNNXJ",
			"method" : "chacha20",
			"protocol" : "auth_aes128_md5",
			"protocolparam" : "18901:5BxrTQ",
			"obfs" : "http_simple",
			"obfsparam" : "d1b7918901.ajax.microsoft.com",
			"remarks_base64" : "QzEt576O5Zu9IC3oioLngrkxLUdJQS1OZXRmbGl4LTFHYnBzIC0gMTA2MDAg56uv5Y-j5Y2V56uv5Y-j5aSa55So5oi3",
			"group" : "Zero云加速 - 单端口多用户",
			"enable" : true,
			"udp_over_tcp" : false
		},
		{
			"remarks" : "C1-美国 -节点2-安畅-Netflix-Hulu-1Gbps - 10600 端口单端口多用户",
			"id" : "8BC14D86AD07267E0415FBD6C3DA7C0E",
			"server" : "us5.zerocnw.win",
			"server_port" : 10600,
			"server_udp_port" : 0,
			"password" : "aRNNXJ",
			"method" : "chacha20",
			"protocol" : "auth_aes128_md5",
			"protocolparam" : "18901:5BxrTQ",
			"obfs" : "http_simple",
			"obfsparam" : "d1b7918901.ajax.microsoft.com",
			"remarks_base64" : "QzEt576O5Zu9IC3oioLngrkyLeWuieeVhS1OZXRmbGl4LUh1bHUtMUdicHMgLSAxMDYwMCDnq6_lj6PljZXnq6_lj6PlpJrnlKjmiLc",
			"group" : "Zero云加速 - 单端口多用户",
			"enable" : true,
			"udp_over_tcp" : false
		},
		{
			"remarks" : "C1-美国 -节点3-阿里云-200Mbps - 10600 端口单端口多用户",
			"id" : "9B370088E706125305A92CC3DBBE1257",
			"server" : "us3.zerocnw.win",
			"server_port" : 10600,
			"server_udp_port" : 0,
			"password" : "aRNNXJ",
			"method" : "chacha20",
			"protocol" : "auth_aes128_md5",
			"protocolparam" : "18901:5BxrTQ",
			"obfs" : "http_simple",
			"obfsparam" : "d1b7918901.ajax.microsoft.com",
			"remarks_base64" : "QzEt576O5Zu9IC3oioLngrkzLemYv-mHjOS6kS0yMDBNYnBzIC0gMTA2MDAg56uv5Y-j5Y2V56uv5Y-j5aSa55So5oi3",
			"group" : "Zero云加速 - 单端口多用户",
			"enable" : true,
			"udp_over_tcp" : false
		},
		{
			"remarks" : "C1-美国 -节点4-200Mbps - 10600 端口单端口多用户",
			"id" : "3E9328ABA3C308517D6F027905816C8F",
			"server" : "us2.zerocnw.win",
			"server_port" : 10600,
			"server_udp_port" : 0,
			"password" : "aRNNXJ",
			"method" : "chacha20",
			"protocol" : "auth_aes128_md5",
			"protocolparam" : "18901:5BxrTQ",
			"obfs" : "http_simple",
			"obfsparam" : "d1b7918901.ajax.microsoft.com",
			"remarks_base64" : "QzEt576O5Zu9IC3oioLngrk0LTIwME1icHMgLSAxMDYwMCDnq6_lj6PljZXnq6_lj6PlpJrnlKjmiLc",
			"group" : "Zero云加速 - 单端口多用户",
			"enable" : true,
			"udp_over_tcp" : false
		},
		{
			"remarks" : "D1-俄罗斯 -节点1-伯力-1Gbps - 10600 端口单端口多用户",
			"id" : "DFE51C22E022A31EE02BDB9A24CD29EE",
			"server" : "ru1.zerocnw.win",
			"server_port" : 992,
			"server_udp_port" : 0,
			"password" : "aRNNXJ",
			"method" : "chacha20",
			"protocol" : "auth_aes128_md5",
			"protocolparam" : "18901:5BxrTQ",
			"obfs" : "http_simple",
			"obfsparam" : "d1b7918901.ajax.microsoft.com",
			"remarks_base64" : "RDEt5L-E572X5pavIC3oioLngrkxLeS8r-WKmy0xR2JwcyAtIDEwNjAwIOerr-WPo-WNleerr-WPo-WkmueUqOaItw",
			"group" : "Zero云加速 - 单端口多用户",
			"enable" : true,
			"udp_over_tcp" : false
		},
		{
			"remarks" : "E1-新加坡 -节点1-200Mbps - 10600 端口单端口多用户",
			"id" : "94CD2BE3AFCFD67F309A99A32F801DDA",
			"server" : "sgp.zerocnw.win",
			"server_port" : 10600,
			"server_udp_port" : 0,
			"password" : "aRNNXJ",
			"method" : "chacha20",
			"protocol" : "auth_aes128_md5",
			"protocolparam" : "18901:5BxrTQ",
			"obfs" : "http_simple",
			"obfsparam" : "d1b7918901.ajax.microsoft.com",
			"remarks_base64" : "RTEt5paw5Yqg5Z2hIC3oioLngrkxLTIwME1icHMgLSAxMDYwMCDnq6_lj6PljZXnq6_lj6PlpJrnlKjmiLc",
			"group" : "Zero云加速 - 单端口多用户",
			"enable" : true,
			"udp_over_tcp" : false
		},
		{
			"remarks" : "F1-日本 -节点1-视频线路-Netflix-1Gbps - 10600 端口单端口多用户",
			"id" : "49678FD5854D98ECA083172759B28FB2",
			"server" : "jp1.zerocnw.win",
			"server_port" : 10600,
			"server_udp_port" : 0,
			"password" : "aRNNXJ",
			"method" : "chacha20",
			"protocol" : "auth_aes128_md5",
			"protocolparam" : "18901:5BxrTQ",
			"obfs" : "http_simple",
			"obfsparam" : "d1b7918901.ajax.microsoft.com",
			"remarks_base64" : "RjEt5pel5pysIC3oioLngrkxLeinhumikee6v-i3ry1OZXRmbGl4LTFHYnBzIC0gMTA2MDAg56uv5Y-j5Y2V56uv5Y-j5aSa55So5oi3",
			"group" : "Zero云加速 - 单端口多用户",
			"enable" : true,
			"udp_over_tcp" : false
		},
		{
			"remarks" : "F1-日本 -节点2-视频线路-Netflix-1Gbps - 10600 端口单端口多用户",
			"id" : "46743C93BF7693FA1DFD49180A01E617",
			"server" : "jp3.zerocnw.win",
			"server_port" : 10600,
			"server_udp_port" : 0,
			"password" : "aRNNXJ",
			"method" : "chacha20",
			"protocol" : "auth_aes128_md5",
			"protocolparam" : "18901:5BxrTQ",
			"obfs" : "http_simple",
			"obfsparam" : "d1b7918901.ajax.microsoft.com",
			"remarks_base64" : "RjEt5pel5pysIC3oioLngrkyLeinhumikee6v-i3ry1OZXRmbGl4LTFHYnBzIC0gMTA2MDAg56uv5Y-j5Y2V56uv5Y-j5aSa55So5oi3",
			"group" : "Zero云加速 - 单端口多用户",
			"enable" : true,
			"udp_over_tcp" : false
		},
		{
			"remarks" : "F1-日本 -节点3-视频线路-Netflix-1Gbps - 10600 端口单端口多用户",
			"id" : "0D0030E552D428047F2D07CAA9F77B3A",
			"server" : "jp4.zerocnw.win",
			"server_port" : 10600,
			"server_udp_port" : 0,
			"password" : "aRNNXJ",
			"method" : "chacha20",
			"protocol" : "auth_aes128_md5",
			"protocolparam" : "18901:5BxrTQ",
			"obfs" : "http_simple",
			"obfsparam" : "d1b7918901.ajax.microsoft.com",
			"remarks_base64" : "RjEt5pel5pysIC3oioLngrkzLeinhumikee6v-i3ry1OZXRmbGl4LTFHYnBzIC0gMTA2MDAg56uv5Y-j5Y2V56uv5Y-j5aSa55So5oi3",
			"group" : "Zero云加速 - 单端口多用户",
			"enable" : true,
			"udp_over_tcp" : false
		},
		{
			"remarks" : "F1-日本 -节点4-1Gbps - 10600 端口单端口多用户",
			"id" : "E7591D518D20431646E6FF766E528703",
			"server" : "jpa1.zerocnw.win",
			"server_port" : 10600,
			"server_udp_port" : 0,
			"password" : "aRNNXJ",
			"method" : "chacha20",
			"protocol" : "auth_aes128_md5",
			"protocolparam" : "18901:5BxrTQ",
			"obfs" : "http_simple",
			"obfsparam" : "d1b7918901.ajax.microsoft.com",
			"remarks_base64" : "RjEt5pel5pysIC3oioLngrk0LTFHYnBzIC0gMTA2MDAg56uv5Y-j5Y2V56uv5Y-j5aSa55So5oi3",
			"group" : "Zero云加速 - 单端口多用户",
			"enable" : true,
			"udp_over_tcp" : false
		},
		{
			"remarks" : "G1-澳门 -节点1-BGP-200Mbps - 10600 端口单端口多用户",
			"id" : "049FE58E83F95D336BEE50B3F96A9F04",
			"server" : "mo01.zerocnw.win",
			"server_port" : 990,
			"server_udp_port" : 0,
			"password" : "aRNNXJ",
			"method" : "chacha20",
			"protocol" : "auth_aes128_md5",
			"protocolparam" : "18901:5BxrTQ",
			"obfs" : "http_simple",
			"obfsparam" : "d1b7918901.ajax.microsoft.com",
			"remarks_base64" : "RzEt5r6z6ZeoIC3oioLngrkxLUJHUC0yMDBNYnBzIC0gMTA2MDAg56uv5Y-j5Y2V56uv5Y-j5aSa55So5oi3",
			"group" : "Zero云加速 - 单端口多用户",
			"enable" : true,
			"udp_over_tcp" : false
		},
		{
			"remarks" : "H1-韩国 -节点1-游戏线CN2-限速10M - 10600 端口单端口多用户",
			"id" : "2C8F9CEA2BBD3089F829E42F64F0D967",
			"server" : "kr01.zerocnw.win",
			"server_port" : 10600,
			"server_udp_port" : 0,
			"password" : "aRNNXJ",
			"method" : "chacha20",
			"protocol" : "auth_aes128_md5",
			"protocolparam" : "18901:5BxrTQ",
			"obfs" : "http_simple",
			"obfsparam" : "d1b7918901.ajax.microsoft.com",
			"remarks_base64" : "SDEt6Z-p5Zu9IC3oioLngrkxLea4uOaIj-e6v0NOMi3pmZDpgJ8xME0gLSAxMDYwMCDnq6_lj6PljZXnq6_lj6PlpJrnlKjmiLc",
			"group" : "Zero云加速 - 单端口多用户",
			"enable" : true,
			"udp_over_tcp" : false
		},
		{
			"remarks" : "H1-韩国 -节点2-KT-原生ip-视频线路-Netflix-1Gbps - 10600 端口单端口多用户",
			"id" : "30E243053C822168050C196650BAE469",
			"server" : "kr02.zerocnw.win",
			"server_port" : 10600,
			"server_udp_port" : 0,
			"password" : "aRNNXJ",
			"method" : "chacha20",
			"protocol" : "auth_aes128_md5",
			"protocolparam" : "18901:5BxrTQ",
			"obfs" : "http_simple",
			"obfsparam" : "d1b7918901.ajax.microsoft.com",
			"remarks_base64" : "SDEt6Z-p5Zu9IC3oioLngrkyLUtULeWOn-eUn2lwLeinhumikee6v-i3ry1OZXRmbGl4LTFHYnBzIC0gMTA2MDAg56uv5Y-j5Y2V56uv5Y-j5aSa55So5oi3",
			"group" : "Zero云加速 - 单端口多用户",
			"enable" : true,
			"udp_over_tcp" : false
		}
	],
	"index" : 0,
	"random" : true,
	"sysProxyMode" : 3,
	"shareOverLan" : false,
	"localPort" : 1080,
	"localAuthPassword" : "ljOqxZMm7HVKXKtWuLMx",
	"dnsServer" : "",
	"reconnectTimes" : 2,
	"randomAlgorithm" : 3,
	"randomInGroup" : false,
	"TTL" : 0,
	"connectTimeout" : 5,
	"proxyRuleMode" : 2,
	"proxyEnable" : false,
	"pacDirectGoProxy" : false,
	"proxyType" : 0,
	"proxyHost" : null,
	"proxyPort" : 0,
	"proxyAuthUser" : null,
	"proxyAuthPass" : null,
	"proxyUserAgent" : null,
	"authUser" : null,
	"authPass" : null,
	"autoBan" : false,
	"sameHostForSameTarget" : false,
	"keepVisitTime" : 180,
	"isHideTips" : false,
	"nodeFeedAutoUpdate" : true,
	"serverSubscribes" : [
		{
			"URL" : "https://dy.dingyuezero.store/link/aFsc5XuccEmi9J03?mu=1",
			"Group" : "Zero云加速 - 单端口多用户"
		}
	],
	"token" : {

	},
	"portMap" : {

	}
}