{
	"hkbn3.zerocnw.win" : {
		"totalUploadBytes" : 100752,
		"totalDownloadBytes" : 3981277
	},
	"hkthm07.zerocnw.win" : {
		"totalUploadBytes" : 273048,
		"totalDownloadBytes" : 355207
	},
	"hkthm06.zerocnw.win" : {
		"totalUploadBytes" : 229556,
		"totalDownloadBytes" : 2055573
	},
	"us3.zerocnw.win" : {
		"totalUploadBytes" : 78211,
		"totalDownloadBytes" : 124125
	},
	"js02.zerocnw.win" : {
		"totalUploadBytes" : 9146,
		"totalDownloadBytes" : 0
	},
	"211.75.79.233" : {
		"totalUploadBytes" : 6651,
		"totalDownloadBytes" : 19248
	},
	"hkt-cnd.mailgung.ml" : {
		"totalUploadBytes" : 72573,
		"totalDownloadBytes" : 1364486
	},
	"hkthm12.zerocnw.win" : {
		"totalUploadBytes" : 490274,
		"totalDownloadBytes" : 10271377
	},
	"us1.zerocnw.win" : {
		"totalUploadBytes" : 336883,
		"totalDownloadBytes" : 67700471
	},
	"hkt2.zerocnw.win" : {
		"totalUploadBytes" : 157104,
		"totalDownloadBytes" : 13360450
	},
	"hkthm03.zerocnw.win" : {
		"totalUploadBytes" : 152258,
		"totalDownloadBytes" : 1835379
	},
	"alhk08.zerocnw.win" : {
		"totalUploadBytes" : 378137,
		"totalDownloadBytes" : 95245957
	},
	"hkbn5.zerocnw.win" : {
		"totalUploadBytes" : 171806,
		"totalDownloadBytes" : 1296864
	},
	"hinet.flycc.xyz" : {
		"totalUploadBytes" : 155145,
		"totalDownloadBytes" : 2336860
	},
	"alhk02.zerocnw.win" : {
		"totalUploadBytes" : 456139,
		"totalDownloadBytes" : 1453009
	},
	"tw01.zerocnw.win" : {
		"totalUploadBytes" : 357312,
		"totalDownloadBytes" : 5372369
	},
	"alhk10.zerocnw.win" : {
		"totalUploadBytes" : 684489,
		"totalDownloadBytes" : 14817001
	},
	"sgp.zerocnw.win" : {
		"totalUploadBytes" : 116682,
		"totalDownloadBytes" : 581154
	},
	"hkms3.zerocnw.win" : {
		"totalUploadBytes" : 127087,
		"totalDownloadBytes" : 1012271
	},
	"hkt1.zerocnw.win" : {
		"totalUploadBytes" : 5071,
		"totalDownloadBytes" : 2028
	},
	"jsyd.zerocnw.win" : {
		"totalUploadBytes" : 98751,
		"totalDownloadBytes" : 1965294
	},
	"hkthm04.zerocnw.win" : {
		"totalUploadBytes" : 229548,
		"totalDownloadBytes" : 11356793
	},
	"hkt-cne.mailgung.ml" : {
		"totalUploadBytes" : 277665,
		"totalDownloadBytes" : 35115630
	},
	"hkbn4.zerocnw.win" : {
		"totalUploadBytes" : 199508,
		"totalDownloadBytes" : 1840624
	},
	"hkbn7.zerocnw.win" : {
		"totalUploadBytes" : 54091,
		"totalDownloadBytes" : 140187
	},
	"hkbn2.zerocnw.win" : {
		"totalUploadBytes" : 77539,
		"totalDownloadBytes" : 256481
	},
	"alhk09.zerocnw.win" : {
		"totalUploadBytes" : 262496,
		"totalDownloadBytes" : 9430396
	},
	"alhk03.zerocnw.win" : {
		"totalUploadBytes" : 161240,
		"totalDownloadBytes" : 1746040
	},
	"jpa1.zerocnw.win" : {
		"totalUploadBytes" : 2948,
		"totalDownloadBytes" : 5808
	},
	"tw02.zerocnw.win" : {
		"totalUploadBytes" : 28412,
		"totalDownloadBytes" : 138032
	},
	"hkbn6.zerocnw.win" : {
		"totalUploadBytes" : 121514,
		"totalDownloadBytes" : 463595
	},
	"alhk01.zerocnw.win" : {
		"totalUploadBytes" : 928719,
		"totalDownloadBytes" : 3760315
	},
	"hkms5.zerocnw.win" : {
		"totalUploadBytes" : 145068,
		"totalDownloadBytes" : 7087678
	},
	"jp1.zerocnw.win" : {
		"totalUploadBytes" : 679319,
		"totalDownloadBytes" : 35745627
	},
	"mo01.zerocnw.win" : {
		"totalUploadBytes" : 168005,
		"totalDownloadBytes" : 205123
	},
	"hkt-cng.mailgung.ml" : {
		"totalUploadBytes" : 318460,
		"totalDownloadBytes" : 17224929
	},
	"us5.zerocnw.win" : {
		"totalUploadBytes" : 267132,
		"totalDownloadBytes" : 4785535
	},
	"hkt-cnc.mailgung.ml" : {
		"totalUploadBytes" : 151668,
		"totalDownloadBytes" : 2471379
	},
	"hkthm11.zerocnw.win" : {
		"totalUploadBytes" : 272578,
		"totalDownloadBytes" : 755784
	},
	"ru1.zerocnw.win" : {
		"totalUploadBytes" : 39918,
		"totalDownloadBytes" : 62759
	},
	"sz02.zerocnw.win" : {
		"totalUploadBytes" : 1327129,
		"totalDownloadBytes" : 86211266
	},
	"jp3.zerocnw.win" : {
		"totalUploadBytes" : 175824,
		"totalDownloadBytes" : 13887861
	},
	"kr01.zerocnw.win" : {
		"totalUploadBytes" : 3918510,
		"totalDownloadBytes" : 2588093
	},
	"hkthm10.zerocnw.win" : {
		"totalUploadBytes" : 57729,
		"totalDownloadBytes" : 2096759
	},
	"hkthm05.zerocnw.win" : {
		"totalUploadBytes" : 103242,
		"totalDownloadBytes" : 480444
	},
	"kr02.zerocnw.win" : {
		"totalUploadBytes" : 43100,
		"totalDownloadBytes" : 967866
	},
	"sz03.zerocnw.win" : {
		"totalUploadBytes" : 568569,
		"totalDownloadBytes" : 47450397
	},
	"us2.zerocnw.win" : {
		"totalUploadBytes" : 10851,
		"totalDownloadBytes" : 13724
	},
	"jp4.zerocnw.win" : {
		"totalUploadBytes" : 162590,
		"totalDownloadBytes" : 189455
	}
}